<?xml version="1.0" encoding="UTF-8"?>
<project-private xmlns="http://www.netbeans.org/ns/project-private/1">
    <editor-bookmarks xmlns="http://www.netbeans.org/ns/editor-bookmarks/2" lastBookmarkId="0"/>
    <open-files xmlns="http://www.netbeans.org/ns/projectui-open-files/2">
        <group>
            <file>file:/D:/tugas%20pemprograman%20visual/project/tugasproject1/src/tugasproject1/Falkultas.java</file>
            <file>file:/D:/tugas%20pemprograman%20visual/project/tugasproject1/src/tugasproject1/Sejarah.java</file>
            <file>file:/D:/tugas%20pemprograman%20visual/project/tugasproject1/src/tugasproject1/beranda_utama.java</file>
            <file>file:/D:/tugas%20pemprograman%20visual/project/tugasproject1/src/tugasproject1/Login2.java</file>
            <file>file:/D:/tugas%20pemprograman%20visual/project/tugasproject1/src/tugasproject1/VisiMisi.java</file>
            <file>file:/D:/tugas%20pemprograman%20visual/project/tugasproject1/src/tugasproject1/mata_kuliah.java</file>
            <file>file:/D:/tugas%20pemprograman%20visual/project/tugasproject1/src/tugasproject1/Fasilitas.java</file>
        </group>
    </open-files>
</project-private>
